Test User 1,17150301
Test User 2,17150302
Test User 3,17150303
Test User 4,17150304
Test User 5,17150305
Test User 6,17150306
Test User 7,17150307
Test User 8,17150308
Test User 9,17150309
Test User 10,17150310
Test User 11,17150311
Test User 12,17150312
Test User 13,17150313
Test User 14,17150314
Test User 15,17150315
Test User 16,17150316
Test User 17,17150317
Test User 18,17150318
Test User 19,17150319
Test User 20,17150320
Test User 1,17150301
Test User 2,17150302
Test User 3,17150303
Test User 4,17150304
Test User 5,17150305
Test User 6,17150306
Test User 7,17150307
Test User 8,17150308
Test User 9,17150309
Test User 10,17150310
Test User 11,17150311
Test User 12,17150312
Test User 13,17150313
Test User 14,17150314
Test User 15,17150315
Test User 16,17150316
Test User 17,17150317
Test User 18,17150318
Test User 19,17150319
Test User 20,17150320
Test User 1,17150301
Test User 2,17150302
Test User 3,17150303
Test User 4,17150304
Test User 5,17150305
Test User 6,17150306
Test User 7,17150307
Test User 8,17150308
Test User 9,17150309
Test User 10,17150310
Test User 11,17150311
Test User 12,17150312
Test User 13,17150313
Test User 14,17150314
Test User 15,17150315
Test User 16,17150316
Test User 17,17150317
Test User 18,17150318
Test User 19,17150319
Test User 20,17150320
Test User 1,17150301
Test User 2,17150302
Test User 3,17150303
Test User 4,17150304
Test User 5,17150305
Test User 6,17150306
Test User 7,17150307
Test User 8,17150308
Test User 9,17150309
Test User 10,17150310
Test User 11,17150311
Test User 12,17150312
Test User 13,17150313
Test User 14,17150314
Test User 15,17150315
Test User 16,17150316
Test User 17,17150317
Test User 18,17150318
Test User 19,17150319
Test User 20,17150320
Test User 1,17150301
Test User 2,17150302
Test User 3,17150303
Test User 4,17150304
Test User 5,17150305
Test User 6,17150306
Test User 7,17150307
Test User 8,17150308
Test User 9,17150309
Test User 10,17150310
Test User 11,17150311
Test User 12,17150312
Test User 13,17150313
Test User 14,17150314
Test User 15,17150315
Test User 16,17150316
Test User 17,17150317
Test User 18,17150318
Test User 19,17150319
Test User 20,17150320
Test User 1,17150301
Test User 2,17150302
Test User 3,17150303
Test User 4,17150304
Test User 5,17150305
Test User 6,17150306
Test User 7,17150307
Test User 8,17150308
Test User 9,17150309
Test User 10,17150310
Test User 11,17150311
Test User 12,17150312
Test User 13,17150313
Test User 14,17150314
Test User 15,17150315
Test User 16,17150316
Test User 17,17150317
Test User 18,17150318
Test User 19,17150319
Test User 20,17150320
Test User 1,17150301
Test User 2,17150302
Test User 3,17150303
Test User 4,17150304
Test User 5,17150305
Test User 6,17150306
Test User 7,17150307
Test User 8,17150308
Test User 9,17150309
Test User 10,17150310
Test User 11,17150311
Test User 12,17150312
Test User 13,17150313
Test User 14,17150314
Test User 15,17150315
Test User 16,17150316
Test User 17,17150317
Test User 18,17150318
Test User 19,17150319
Test User 20,17150320
Test User 1,17150301
Test User 2,17150302
Test User 3,17150303
Test User 4,17150304
Test User 5,17150305
Test User 6,17150306
Test User 7,17150307
Test User 8,17150308
Test User 9,17150309
Test User 10,17150310
Test User 11,17150311
Test User 12,17150312
Test User 13,17150313
Test User 14,17150314
Test User 15,17150315
Test User 16,17150316
Test User 17,17150317
Test User 18,17150318
Test User 19,17150319
Test User 20,17150320
Test User 1,17150301
Test User 2,17150302
Test User 3,17150303
Test User 4,17150304
Test User 5,17150305
Test User 6,17150306
Test User 7,17150307
Test User 8,17150308
Test User 9,17150309
Test User 10,17150310
Test User 11,17150311
Test User 12,17150312
Test User 13,17150313
Test User 14,17150314
Test User 15,17150315
Test User 16,17150316
Test User 17,17150317
Test User 18,17150318
Test User 19,17150319
Test User 20,17150320
Test User 1,17150301
Test User 2,17150302
Test User 3,17150303
Test User 4,17150304
Test User 5,17150305
Test User 6,17150306
Test User 7,17150307
Test User 8,17150308
Test User 9,17150309
Test User 10,17150310
Test User 11,17150311
Test User 12,17150312
Test User 13,17150313
Test User 14,17150314
Test User 15,17150315
Test User 16,17150316
Test User 17,17150317
Test User 18,17150318
Test User 19,17150319
Test User 20,17150320